Data,Otwarcie,Najwyzszy,Najnizszy,Zamkniecie,Wolumen
2021-03-15,67.91,68.03,67.65,67.72,630
2021-03-16,68.32,68.4,68.26,68.29,913
2021-03-17,68.16,68.16,67.56,67.87,23935
2021-03-18,68.19,68.19,67.57,67.91,21632
2021-03-19,67.59,67.68,67.06,67.25,339
2021-03-22,67.11,67.72,67.11,67.72,58
2021-03-23,67.57,67.8,67.55,67.73,176
2021-03-24,67.24,67.5,67.23,67.46,163
2021-03-25,67.01,67.01,66.51,66.51,435
2021-03-26,67.58,67.58,67.58,67.58,30
2021-03-29,67.97,68,67.85,67.85,50
2021-03-30,68.33,68.33,68.07,68.07,101
2021-03-31,68.17,68.17,68.17,68.17,20
2021-04-01,68.59,68.88,68.59,68.88,791
2021-04-06,70.02,70.14,69.95,70.09,559
2021-04-07,70.18,70.19,70,70.19,1271
2021-04-08,70.47,70.47,70.3,70.3,876
2021-04-09,70.5,70.5,70.35,70.35,40
2021-04-12,70.88,70.88,70.82,70.84,811
2021-04-13,70.98,71.01,70.7,71.01,248
2021-04-14,71.23,71.31,71.01,71.29,252
2021-04-15,71.16,71.31,71.16,71.3,31
2021-04-16,71.56,71.82,71.56,71.78,661
2021-04-19,71.78,71.82,71.61,71.71,644
2021-04-20,71.63,71.68,71,71.18,646
2021-04-21,70.99,71.06,70.86,71.05,68
2021-04-22,71.42,71.65,71.42,71.63,575
2021-04-23,71.12,71.2,71.08,71.15,293
2021-04-26,71.79,71.8,71.62,71.66,222
2021-04-27,71.92,71.92,71.5,71.66,202
2021-04-28,71.81,71.88,71.62,71.77,197
2021-04-29,72.18,72.27,71.96,71.96,519
2021-04-30,72,72.07,71.66,71.97,423
2021-05-04,72,72,71.05,71.05,953
2021-05-05,71.35,71.71,71.35,71.58,323
2021-05-06,71.63,71.7,71.3,71.3,658
2021-05-07,72.06,72.63,72.06,72.63,218
2021-05-10,72.62,72.64,72.45,72.45,287
2021-05-11,71.6,71.6,70.5,70.5,476
2021-05-12,71.08,71.16,70.32,70.32,379
2021-05-13,69.67,70.6,69.21,70.6,449
2021-05-14,70.74,71.33,70.72,71.33,311
2021-05-17,71.36,71.56,71.12,71.3,156
2021-05-18,71.63,71.63,71.3,71.3,228
2021-05-19,70.47,70.47,69.67,69.7,321
2021-05-20,70.36,71.03,70.11,71.03,206
2021-05-21,71.49,71.78,71.49,71.78,200
2021-05-24,71.6,71.84,71.42,71.84,134
2021-05-25,72.27,72.27,72,72,208
2021-05-26,72.05,72.05,71.76,71.76,38
2021-05-27,71.63,72.23,71.59,72.05,277
2021-05-28,72.24,72.34,72.12,72.16,376
2021-05-31,72.21,72.21,71.94,72,229
2021-06-01,72.2,72.51,72.2,72.33,250
2021-06-02,72.06,72.06,72,72.01,157
2021-06-04,71.96,71.96,71.96,71.96,6
2021-06-07,72.5,72.7,72.39,72.55,493
2021-06-08,72.49,72.52,72.29,72.51,151
2021-06-09,72.37,72.62,72.33,72.59,236
2021-06-10,72.35,72.5,72.21,72.5,54
2021-06-11,72.55,72.58,72.5,72.56,150
2021-06-14,72.83,72.83,72.57,72.57,780
2021-06-15,72.98,72.98,72.77,72.77,145
2021-06-16,72.54,72.66,72.54,72.65,226
2021-06-17,72.11,72.25,71.98,72.12,185
2021-06-18,72.44,72.46,71.67,71.76,240
2021-06-21,71.34,71.65,71.34,71.51,574
2021-06-22,72.26,72.37,72.26,72.37,56
2021-06-23,73.03,73.03,72.62,72.95,530
2021-06-24,73,73.15,73,73.09,252
2021-06-25,73.25,73.25,73.24,73.25,240
2021-06-28,73.29,73.57,73.24,73.44,573
2021-06-29,73.59,73.59,73.59,73.59,34
2021-06-30,73.69,73.89,73.4,73.89,261
2021-07-01,73.9,74.02,73.71,73.76,238
2021-07-02,74.18,74.37,74.01,74.37,443
2021-07-05,74.59,74.73,74.55,74.69,335
2021-07-06,74.65,74.66,74.12,74.13,306
2021-07-07,74.62,74.66,74.27,74.27,117
2021-07-08,74.27,74.27,73.6,73.84,228
2021-07-09,74.28,74.49,74.28,74.38,114
2021-07-12,74.95,75.14,74.8,75.14,210
2021-07-13,75.17,75.29,75,75,187
2021-07-14,74.92,75.38,74.9,75.22,265
2021-07-15,75.08,75.1,74.92,75.05,736
2021-07-16,74.89,75.14,74.5,74.67,262
2021-07-19,74.05,74.05,72.87,72.91,468
2021-07-20,73.55,73.8,73.29,73.8,640
2021-07-21,74.37,74.63,74.22,74.62,648
2021-07-22,74.83,74.93,74.75,74.92,37
2021-07-23,75.05,75.37,75.05,75.15,191
2021-07-26,75.5,75.58,75.3,75.58,28
2021-07-27,75.62,75.8,75.34,75.58,272
2021-07-28,75.49,75.7,75.4,75.66,337
2021-07-29,75.5,75.7,75.5,75.69,98
2021-07-30,75.2,75.5,75.2,75.5,403
2021-08-02,75.95,75.97,75.75,75.75,717
2021-08-03,75.5,75.6,75.08,75.1,655
2021-08-04,75.86,75.88,75.64,75.69,291
2021-08-05,75.62,75.75,75.62,75.74,69
2021-08-06,75.78,76.1,75.78,76.1,631
2021-08-09,76,76.02,75.9,75.9,652
2021-08-10,76.07,76.3,76.07,76.2,316
2021-08-11,76.16,76.2,75.99,76.2,219
2021-08-12,76.3,76.39,76.3,76.32,317
2021-08-13,76.68,76.68,76.44,76.44,74
2021-08-16,76.49,76.63,76.27,76.27,466
2021-08-17,76.61,76.61,76.47,76.47,187
2021-08-18,76.46,76.46,76,76.37,354
2021-08-19,75,75.59,74.63,75.53,1284
2021-08-20,75.41,76.14,75.12,76.14,355
2021-08-23,76.53,76.77,76.34,76.77,123
2021-08-24,77,77.16,76.96,77.09,266
2021-08-25,77.09,77.11,76.91,76.91,282
2021-08-26,77.08,77.16,76.8,76.8,377
2021-08-27,76.93,77.28,76.71,77.28,348
2021-08-30,77.41,77.52,77.27,77.52,210
2021-08-31,78,78,77.48,77.48,802
2021-09-01,77.96,77.98,77.5,77.71,587
2021-09-02,77.71,77.9,77.58,77.9,386
2021-09-03,77.95,78.01,77.51,77.74,560
2021-09-06,77.92,78.01,77.8,77.85,52
2021-09-07,77.8,77.88,77.37,77.37,406
2021-09-08,77.37,77.51,77.11,77.17,363
2021-09-09,77,77.43,77,77.43,78
2021-09-10,77.15,77.3,76.82,76.83,286
2021-09-13,76.73,76.82,76.2,76.2,1097
2021-09-14,76.4,76.79,76.3,76.79,914
2021-09-15,76.25,76.31,75.8,76.18,366
2021-09-16,76.73,76.78,76.44,76.44,1436
2021-09-17,76.74,76.74,76,76,326
2021-09-20,75.15,75.17,74.53,74.97,1336
2021-09-21,75.25,75.56,74.66,74.66,546
2021-09-22,75.19,75.36,74.92,75.36,738
2021-09-23,75.74,76.04,75.66,75.66,796
2021-09-24,76.1,76.3,75.96,76.3,437
2021-09-27,76.59,76.76,76.12,76.12,554
2021-09-28,76.02,76.02,74.79,74.95,1768
2021-09-29,75.05,75.32,74.8,75.04,600
2021-09-30,75.19,75.35,74.78,74.78,114
2021-10-01,73.36,74.24,73.2,73.8,1094
2021-10-04,74.35,74.71,73.6,73.7,390
2021-10-05,73.95,74.66,73.82,74.66,991
2021-10-06,74,74.22,73.45,73.8,317
2021-10-07,75.2,76,75.2,75.95,468
2021-10-08,75.61,75.62,75.37,75.62,294
2021-10-11,75.23,75.75,75,75.68,580
2021-10-12,74.31,75,74.11,74.64,753
2021-10-13,74.38,74.74,74.24,74.5,307
2021-10-14,75.07,75.87,75.03,75.85,355
2021-10-15,76.19,76.69,76.16,76.64,708
2021-10-18,76.49,76.68,76.18,76.68,614
2021-10-19,77.07,77.61,76.99,77.3,664
2021-10-20,77.3,77.85,77.3,77.67,638
2021-10-21,77.51,77.78,77.44,77.78,276
2021-10-22,77.94,78.13,77.8,78.05,752
2021-10-25,78,78.1,77.81,77.85,393
2021-10-26,78.38,78.68,78.37,78.58,1851
2021-10-27,78.5,78.58,78.2,78.55,316
2021-10-28,78.19,78.63,78.08,78.63,1416
2021-10-29,78.43,78.69,78.21,78.67,346
2021-11-02,79.14,79.42,78.95,79.42,1019
2021-11-03,79.42,79.44,79.11,79.39,755
2021-11-04,79.83,80.32,79.83,80,1559
2021-11-05,79.93,81.23,79.83,80.82,3440
2021-11-08,80.54,80.75,80.46,80.72,815
2021-11-09,80.53,80.73,80.04,80.46,4648
2021-11-10,80.39,80.42,79.93,80.35,512
2021-11-12,79.9,80.03,79.74,79.89,315
2021-11-15,80.44,80.72,80.23,80.45,341
2021-11-16,80.44,80.6,80.19,80.54,765
2021-11-17,80.53,80.78,80.49,80.5,396
2021-11-18,80.52,80.88,80.17,80.22,553
2021-11-19,80.92,81.46,80.37,81.45,681
2021-11-22,81.54,81.9,80.96,81.9,530
2021-11-23,80.86,81.05,80.2,80.33,1023
2021-11-24,80.33,80.71,80.33,80.71,119
2021-11-25,81.39,81.4,81.26,81.3,961
2021-11-26,79.68,79.83,78.86,78.86,3033
2021-11-29,79.9,80.2,79.16,79.93,2702
2021-11-30,79.64,79.95,79.39,79.9,458
2021-12-01,79.24,80.1,79.24,80.1,747
2021-12-02,78.33,78.54,77.73,78.54,991
2021-12-03,79.02,79.18,78.12,78.12,656
2021-12-06,78.77,79,77.69,79,4469
2021-12-07,79.87,80.84,79.87,80.83,1430
2021-12-08,81.06,81.11,80.16,80.66,636
2021-12-09,81,81,80.26,80.26,222
2021-12-10,79.93,80.83,79.93,80.66,457
2021-12-13,81.16,81.23,80.4,80.4,326
2021-12-14,80.52,80.55,79.5,79.5,658
2021-12-15,79.83,79.87,79.41,79.41,376
2021-12-16,81.1,81.4,80.97,81,513
2021-12-17,80.31,80.32,79.2,79.94,420
2021-12-20,78.46,78.7,78.15,78.2,1872
2021-12-21,79.15,79.45,78.81,79.06,393
2021-12-22,79.98,80.12,79.92,79.99,274
2021-12-23,80.64,81.34,80.64,81.34,370
2021-12-27,81.39,82.03,81.36,81.85,399
2021-12-28,82.15,82.77,82.15,82.39,727
2021-12-29,82.39,82.99,82.16,82.3,1446
2021-12-30,82.53,82.66,82.3,82.35,1549
2022-01-03,82.4,82.63,81.79,81.99,5389
2022-01-04,82.72,82.84,82.69,82.84,468
2022-01-05,82.4,82.51,82.1,82.2,403
2022-01-07,80.85,81.07,80.5,80.5,992
2022-01-10,80.7,80.7,78.95,78.95,1564
2022-01-11,80.55,80.84,79.88,79.96,1308
2022-01-12,81.28,81.57,80.8,81.5,720
2022-01-13,81.26,81.46,81.09,81.35,556
2022-01-14,80.27,80.52,79.28,80.03,534
2022-01-17,80.29,80.52,80.09,80.1,420
2022-01-18,79.93,79.93,79.1,79.11,1067
2022-01-19,78.68,79.32,78.2,78.5,930
2022-01-20,78.46,79.12,77.96,79.11,2708
2022-01-21,77.13,77.24,76.01,76.4,1913
2022-01-24,75.91,76.37,73.45,73.73,2729
2022-01-25,74.77,75.62,74,74.93,2320
2022-01-26,75.39,76.35,75.39,75.64,1258
2022-01-27,74.27,76.13,74.21,75.4,1542
2022-01-28,74.87,74.87,73.59,74.29,927
2022-01-31,76,76.79,75.74,76.79,1873
2022-02-01,77.5,77.72,77.1,77.1,1861
2022-02-02,78.55,78.77,77.91,78.21,1344
2022-02-03,78.22,78.23,77.39,77.9,599
2022-02-04,77.79,77.79,76.48,76.65,533
2022-02-07,77.15,77.53,76.94,77.53,569
2022-02-08,77.08,77.24,76.79,76.97,345
2022-02-09,77.92,78.46,77.68,78.46,751
2022-02-10,78.8,78.81,77.75,78.75,1686
2022-02-11,77.11,77.36,76.81,77.36,344
2022-02-14,75.94,76.12,75,75.48,1229
2022-02-15,75.56,76.7,75.56,76.67,672
2022-02-16,76.75,77.03,76.26,76.4,555
2022-02-17,76.4,76.68,75.86,75.86,422
2022-02-18,75.8,75.8,75.18,75.18,329
2022-02-21,75.15,75.46,73.42,73.45,1388
2022-02-22,72.74,74.5,72.73,74.23,2265
2022-02-23,74.15,74.5,73.9,73.9,417
2022-02-24,70.59,72.04,70.34,71.11,3245
2022-02-25,73.49,74.84,73,74.84,608
2022-02-28,74.84,76.05,73.45,76.05,1163
2022-03-01,76.35,76.35,74.33,74.6,546
2022-03-02,73.63,74.74,73.45,74.74,1638
2022-03-03,75.08,75.56,74.8,75.1,2541
2022-03-04,74.59,74.59,73.7,73.7,1463
2022-03-07,73.21,74.23,72.82,73.28,1111
2022-03-08,71.66,72.39,71.4,71.4,2726
2022-03-09,71.94,72.95,71.94,72.9,1732
2022-03-10,73,73.09,72.3,72.34,1816
2022-03-11,72.71,73.75,72.5,72.94,2256
2022-03-14,72.2,72.49,71.88,71.9,6864
2022-03-15,71.06,72.44,70.7,72.23,1187
2022-03-16,73.49,74.2,73.14,74.11,1217
2022-03-17,74.82,74.82,74.35,74.35,4533
2022-03-18,75,75.5,74.74,75.5,1436
2022-03-21,76.01,76.4,76.01,76.34,403
2022-03-22,76.56,77.26,76.35,77.26,636
2022-03-23,77.28,77.28,76.4,76.79,1264
2022-03-24,76.73,76.78,76.44,76.71,1333
2022-03-25,77.11,77.83,77.11,77.3,594
2022-03-28,77.79,78.04,77.41,78.04,359
2022-03-29,78.64,79.23,78.4,78.85,1225
2022-03-30,78.98,79.38,78.77,79.38,631
2022-03-31,79.15,79.23,78.2,78.21,812
2022-04-01,77.92,78.19,77.62,77.71,825
2022-04-04,78,78.16,77.8,77.89,1915
2022-04-05,78.58,78.64,77.86,78.04,863
2022-04-06,77.67,77.67,76.3,76.5,1096
2022-04-07,76.57,77.03,76.57,76.66,1548
2022-04-08,77.33,77.52,76.59,76.7,1274
2022-04-11,76.6,76.63,75.72,75.72,873
2022-04-12,75.35,76.51,75.11,76.29,999
2022-04-13,75.76,75.92,75.1,75.55,175
2022-04-14,75.96,76.46,75.89,76.43,319
2022-04-19,75.54,76.21,75.16,76.21,341
2022-04-20,76.21,76.81,75.92,76.57,514
2022-04-21,76.81,77.1,76.57,77.09,331
2022-04-22,75.45,75.45,74.48,74.5,1247
2022-04-25,72.49,73,72.13,72.77,4601
2022-04-26,73.33,73.47,72.44,72.44,535
2022-04-27,72.02,72.33,71.48,71.99,1545
2022-04-28,72.57,72.95,71.99,71.99,5854
2022-04-29,72.73,72.99,72,72,291
2022-05-02,71.17,71.17,70.25,70.75,1923
2022-05-04,71.67,71.7,71.19,71.28,516
2022-05-05,73.09,73.19,71.11,71.11,840
2022-05-06,70.5,70.84,69.79,70.24,2008
2022-05-09,70.03,70.06,68.95,68.95,961
2022-05-10,68.95,69.41,68.5,68.5,868
2022-05-11,68.75,69.4,68,69.26,1009
2022-05-12,67.12,67.48,66.5,67.37,1999
2022-05-13,67.89,68.7,67.78,68.7,1677
2022-05-16,68.59,68.7,68.38,68.53,257
2022-05-17,68.93,69.96,68.93,69.45,595
2022-05-18,69.64,69.95,68.7,68.78,1583
2022-05-19,66.89,67.12,66,67.12,3251
2022-05-20,67.05,67.75,66.82,67,636
2022-05-23,67.79,67.82,67.26,67.82,663
2022-05-24,67.35,67.66,66.78,66.78,805
2022-05-25,68.11,68.24,67.2,68.24,301
2022-05-26,68.31,69.39,68.31,69.39,1094
2022-05-27,69.76,70.84,69.5,70.68,791
2022-05-30,72.08,72.24,71.7,71.7,767
2022-05-31,71.29,71.29,70.39,70.85,554
2022-06-01,71.01,71.25,70.5,70.5,186
2022-06-02,70.5,70.7,70,70,457
2022-06-03,71.67,71.67,70.7,70.7,363
2022-06-06,71.1,71.5,71.07,71.5,56
2022-06-07,70.39,70.83,70.1,70.83,490
2022-06-08,70.99,71.08,70.99,71.08,231
2022-06-09,70.72,70.96,70.01,70.33,1463
2022-06-10,70.55,70.84,67.19,67.21,3633
2022-06-13,65.92,65.92,64.38,64.38,3009
2022-06-14,65.08,65.15,64.3,64.3,1205
2022-06-15,64.4,64.78,64.4,64.78,384
2022-06-17,63.25,65.54,62.98,64.52,1194
2022-06-20,65.44,65.68,63.31,63.61,479
2022-06-21,64.1,64.42,63.95,64.42,258
2022-06-22,63.72,64.99,63.59,64.99,2678
2022-06-23,64.5,64.95,63.95,64.89,522
2022-06-24,65.6,66.77,65.43,66.58,850
2022-06-27,67.19,67.81,66.99,67.2,627
2022-06-28,68,68,66.79,66.79,5481
2022-06-29,65.77,65.91,65.44,65.5,289
2022-06-30,64.8,65.03,64.25,64.25,440
2022-07-01,64.42,65.49,64.42,64.6,294
2022-07-04,65.19,65.63,65.04,65.5,603
2022-07-05,66.01,66.01,64.47,64.47,829
2022-07-06,65.91,65.92,65.76,65.76,174
2022-07-07,66.15,66.77,66.15,66.56,182
2022-07-08,66.85,67.2,66.5,67.2,1550
2022-07-11,66.52,66.73,66.1,66.4,645
2022-07-12,65.94,66.32,65.67,66.1,735
2022-07-13,65.7,66.02,64.47,65,929
2022-07-14,65.18,65.18,63.92,64.15,615
2022-07-15,65.14,66,65.1,65.76,1276
2022-07-18,66.86,67.22,66.86,67.02,929
2022-07-19,66.29,66.8,66.04,66.73,979
2022-07-20,68.15,68.27,67.38,68.27,1257
2022-07-21,68.23,68.23,67.8,67.97,704
2022-07-22,68.71,68.9,68.38,68.65,630
2022-07-25,68.28,68.62,67.97,67.97,477
2022-07-26,68.24,68.25,67.6,67.6,394
2022-07-27,67.96,68.3,67.96,68.17,775
2022-07-28,69.24,69.36,68.81,69.13,4805
2022-07-29,70.51,71.06,70.28,71.06,4073
2022-08-01,71.1,71.25,70.7,71.14,938
2022-08-02,70.67,70.67,70.5,70.65,410
2022-08-03,70.61,71.1,70.61,71.06,396
2022-08-04,71.29,71.66,71.29,71.5,485
2022-08-05,71.66,71.7,70.64,71.46,911
2022-08-08,71.77,72,71.44,72,845
2022-08-09,71.54,71.54,71.15,71.27,524
2022-08-10,71,72.42,70.83,72.14,1036
2022-08-11,72.59,73.42,72.59,73.25,933
2022-08-12,72.79,73.07,72.74,73.02,324
2022-08-16,73.92,74.08,73.67,73.69,1791
2022-08-17,74,74.21,73.51,73.74,1063
2022-08-18,73.62,74,73.44,73.63,1148
2022-08-19,73.63,73.7,73.05,73.05,448
2022-08-22,72.75,72.75,71.8,71.8,1211
2022-08-23,71.16,71.9,71.16,71.63,660
2022-08-24,71.35,71.58,70.9,71.43,275
2022-08-25,72.02,72.27,71.92,72.15,323
2022-08-26,72.3,72.61,71.5,71.58,360
2022-08-29,69.84,70,69.39,69.61,1565
2022-08-30,69.97,70.4,68.64,68.64,1215
2022-08-31,69.31,69.35,68.86,69.1,506
2022-09-01,68.12,68.28,67.7,68.03,2879
2022-09-02,68.65,69.57,68.4,69.57,1007
2022-09-05,68.24,68.24,67.95,67.95,184
2022-09-06,68.29,68.6,67.5,68.15,1192
2022-09-07,67.42,68.08,67.42,68.08,79
2022-09-08,69.16,69.17,68.42,69.15,562
2022-09-09,69.98,70.27,69.74,70.27,655
2022-09-12,70.51,71.38,70.51,71.38,994
2022-09-13,71.61,71.79,69,69.17,1114
2022-09-14,68.78,68.96,68.19,68.37,1629
2022-09-15,68.82,68.87,68.16,68.16,329
2022-09-16,67.45,67.46,66.63,67.27,840
2022-09-19,67.02,67.06,66.25,67.04,761
2022-09-20,67.83,67.83,66.55,66.69,1078
2022-09-21,66.64,67.29,66.64,67.27,166
2022-09-22,65.27,66.15,65.06,65.07,4305
2022-09-23,64.79,64.87,63.84,63.84,915
2022-09-26,63.64,64.24,63.4,64,1440
2022-09-27,63.97,64.23,63.6,63.81,857
2022-09-28,62.85,63.59,62.21,63.59,1132
2022-09-29,63.46,63.83,62.58,62.74,954
2022-09-30,63.17,63.41,62.41,63,1302
2022-10-03,62.03,63.23,61.75,63.18,1865
2022-10-04,64.25,65.38,64.25,65.38,1771
2022-10-05,65.24,65.24,64.46,64.58,984
2022-10-06,65.4,65.6,64.69,64.98,1146
2022-10-07,64.6,64.81,63.36,63.67,385
2022-10-10,62.78,63,62.4,62.4,1720
2022-10-11,61.97,62.54,61.77,62.07,1178
2022-10-12,62.38,62.59,61.8,62.19,829
2022-10-13,61.78,62.5,60.4,61.35,1456
2022-10-14,63.6,64.17,62.53,62.53,2691
2022-10-17,62.75,63.72,62.29,63.65,519
2022-10-18,64.58,64.99,64.12,64.49,1095
2022-10-19,64.23,64.56,63.8,64.09,618
2022-10-20,63.69,64.26,63.33,63.93,382
2022-10-21,63.21,64.2,62.75,63.6,467
2022-10-24,64.85,65.44,64.41,65.02,1782
2022-10-25,65.45,66.37,65.29,66.37,2227
2022-10-26,66.22,66.72,65.92,66.72,1641
2022-10-27,66.31,66.5,66,66.5,1587
2022-10-28,65.37,66.4,65.02,66.3,3430
2022-10-31,67.25,67.25,66.71,66.71,685
2022-11-02,66.85,66.98,66.14,66.38,2612
2022-11-03,65.03,65.12,64,64.49,1578
2022-11-04,64.27,65.52,64.26,65.2,3996
2022-11-07,64.9,65.58,64.72,65.32,2199
2022-11-08,65.72,66.43,65.72,66.24,1290
2022-11-09,66.38,66.38,65.44,65.75,1271
2022-11-10,65.06,67.72,65,67.72,4197
2022-11-14,68.78,69.32,68.72,69.26,2960
2022-11-15,69.16,70,68.87,69.7,3072
2022-11-16,69.43,69.45,68.55,68.55,3472
2022-11-17,68.71,68.91,67.48,67.8,2181
2022-11-18,68.06,69.05,68.06,68.46,872
2022-11-21,68.5,68.65,68.28,68.45,486
2022-11-22,68.41,68.97,68.15,68.91,1020
2022-11-23,69.24,69.72,69.21,69.54,667
2022-11-24,69.97,70.11,69.72,70.05,1284
2022-11-25,69.99,69.99,69.6,69.6,544
2022-11-28,69.41,69.55,68.92,69.35,661
2022-11-29,69.01,69.09,68.59,68.91,532
2022-11-30,68.86,68.9,68.45,68.45,308
2022-12-01,70.56,71.14,70.17,70.31,7847
2022-12-02,70.62,70.74,69.53,70.21,811
2022-12-05,70.35,70.43,69.87,69.94,1473
2022-12-06,69.45,69.52,68.4,68.4,1218
2022-12-07,68.39,68.44,67.85,68.4,1608
2022-12-08,68.38,68.98,68.12,68.84,595
2022-12-09,69,69.17,68.06,68.65,1247
2022-12-12,68.23,68.53,68.01,68.52,529
2022-12-13,69.35,71.48,69.09,70.4,4331
2022-12-14,70.4,70.83,70.02,70.83,824
2022-12-15,69.62,69.62,68.18,68.56,1600
2022-12-16,68,68,67.15,67.24,996
2022-12-19,67.28,67.61,66.48,66.48,4710
2022-12-20,65.76,66.5,65.76,66.48,1413
2022-12-21,66.37,67.37,66.3,67.31,641
2022-12-22,67.3,67.52,66.08,66.09,1025
2022-12-23,66.44,66.67,65.92,66.35,1048
2022-12-27,66.93,67.23,66.2,66.73,919
2022-12-28,66.4,66.66,66.1,66.36,630
2022-12-29,65.79,66.72,65.53,66.71,1464
2022-12-30,66.27,66.62,66.19,66.36,1783
2023-01-02,66.66,66.66,66.4,66.66,287
2023-01-03,67.05,67.41,66.48,66.48,1382
2023-01-04,66.63,66.84,66.11,66.73,1051
2023-01-05,66.74,67.01,66.06,66.06,1501
2023-01-09,67.7,68.52,67.42,68.47,2623
2023-01-10,67.52,67.8,67.25,67.45,2397
2023-01-11,68.11,68.49,67.97,68.14,1204
2023-01-12,68.91,69.41,68.41,68.79,1045
2023-01-13,69,69.21,68.25,69.03,953
2023-01-16,69.41,69.47,68.96,69.3,4681
2023-01-17,69.23,69.74,68.98,69.21,1846
2023-01-18,69.46,69.66,69.19,69.3,1669
2023-01-19,68.15,68.18,67.46,67.46,1516
2023-01-20,67.76,68.12,67.71,67.87,632
2023-01-23,69.08,69.66,68.68,69.52,1821
2023-01-24,69.89,69.89,69.14,69.6,731
2023-01-25,69.6,69.6,68.8,68.8,739
2023-01-26,69.75,70.3,69.7,69.87,926
2023-01-27,70.35,70.92,70.15,70.39,1275
2023-01-30,70.33,70.52,69.78,70.52,398
2023-01-31,70,70.25,69.38,70.25,3601
2023-02-01,70.72,70.84,70.5,70.5,1646
2023-02-02,71.86,72.57,71.66,72.57,3139
2023-02-03,72.06,72.55,71.64,72.55,787
2023-02-06,71.55,71.57,70.87,71.21,1486
2023-02-07,71.39,71.6,71.13,71.34,2497
2023-02-08,72.37,72.37,71.74,72.08,1171
2023-02-09,71.86,72.34,71.86,72.04,1216
2023-02-10,70.97,71.13,70.47,71.08,1132
2023-02-13,70.88,71.27,70.62,71.27,238
2023-02-14,71.98,72.3,71.66,71.66,1330
2023-02-15,71.61,71.92,71.45,71.66,610
2023-02-16,72.33,72.4,71.34,71.59,1653
2023-02-17,70.81,70.93,70.46,70.74,940
2023-02-20,70.93,71.01,70.6,70.6,881
2023-02-21,70.67,70.72,70.1,70.1,787
2023-02-22,69.77,69.8,69.17,69.17,1052
2023-02-23,69.6,69.98,69.6,69.69,1379
2023-02-24,69.78,69.78,68.5,68.76,1366
2023-02-27,69.4,69.93,69.16,69.66,914
2023-02-28,69.19,69.58,69.14,69.31,838
2023-03-01,69.29,69.43,68.77,68.8,1699
2023-03-02,68.36,68.68,68.14,68.68,1272
2023-03-03,69.34,69.97,69.14,69.94,361
2023-03-06,70.31,70.98,70.25,70.97,1576
2023-03-07,70.63,70.73,69.77,70.04,1609
2023-03-08,69.51,69.7,69.3,69.4,780
2023-03-09,69.5,70,69.37,69.94,589
2023-03-10,68.42,69.13,68.04,68.56,3552
2023-03-13,68.77,68.86,67,68.25,3717
2023-03-14,67.95,69.15,67.9,69.15,1593
2023-03-15,68.94,68.99,67.47,68,667
2023-03-16,68.72,69.36,67.96,69.36,434
2023-03-17,69.85,69.9,68.88,68.88,822
2023-03-20,68.6,68.98,68.01,68.92,1036
2023-03-21,69.14,69.68,69.14,69.5,429
2023-03-22,69.77,69.96,69.47,69.96,261
2023-03-23,69.28,69.92,68.75,69.77,1375
2023-03-24,69.06,69.06,68.2,68.77,2839
2023-03-27,69.47,69.86,69.1,69.36,387
2023-03-28,69.7,69.7,69.14,69.42,606
2023-03-29,69.87,70.13,69.61,69.91,436
2023-03-30,70.48,70.81,70.26,70.55,1097
2023-03-31,70.83,71.13,70.55,71.13,684
2023-04-03,71.59,71.89,71.32,71.5,1234
2023-04-04,71.74,72.23,71.74,71.76,3300
2023-04-05,71.64,71.65,70.9,70.9,476
2023-04-06,71.05,71.37,71.05,71.13,298
2023-04-11,71.86,71.95,71.57,71.75,347
2023-04-12,71.76,72.48,71.6,71.6,763
2023-04-13,71.64,71.93,71.37,71.93,1079
2023-04-14,72.32,72.5,72,72,1138
2023-04-17,72.11,72.35,71.92,72.01,1745
2023-04-18,72.2,72.8,72.05,72.05,401
2023-04-19,72.1,72.31,71.79,72.26,1533
2023-04-20,72.26,72.26,71.64,72.21,1304
2023-04-21,71.98,71.98,71.7,71.75,148
2023-04-24,71.77,72.12,71.59,72.12,819
2023-04-25,71.75,71.75,71.4,71.4,862
2023-04-26,71.09,71.17,70.74,70.99,1032
2023-04-27,71,71.17,70.78,71.17,351
2023-04-28,71.97,72.35,71.54,72.34,1302
2023-05-02,72.44,72.53,71.41,71.41,339
2023-05-04,71.34,71.39,70.49,70.49,935
2023-05-05,71.1,71.81,70.87,71.81,949
2023-05-08,72.09,72.25,71.81,71.84,851
2023-05-09,72.04,72.04,71.54,71.6,314
2023-05-10,71.89,72.2,71.5,71.81,649
2023-05-11,72.08,72.41,71.82,71.82,313
2023-05-12,71.92,72.34,71.68,71.68,756
2023-05-15,72.18,72.19,71.91,71.91,774
2023-05-16,71.97,71.99,71.71,71.71,498
2023-05-17,71.8,71.93,71.66,71.9,485
2023-05-18,72.34,72.6,72.34,72.59,246
2023-05-19,73.04,73.34,73.04,73.34,1129
2023-05-22,73.1,73.38,72.91,72.91,1255
2023-05-23,73,73.18,72.74,72.8,293
2023-05-24,72.05,72.2,71.8,71.8,985
2023-05-25,72.24,72.46,71.87,72.15,827
2023-05-26,72.35,73.35,72.27,73.33,441
2023-05-29,73.45,73.66,73.33,73.33,445
2023-05-30,73.67,73.77,73.28,73.28,791
2023-05-31,73,73.38,72.62,72.62,929
2023-06-01,73.16,73.23,72.93,73.13,155
2023-06-02,73.77,74.45,73.66,74.4,501
2023-06-05,74.69,74.85,74.53,74.8,516
2023-06-06,74.66,74.67,74.4,74.4,2481
2023-06-07,74.66,74.9,74.45,74.9,577
2023-06-09,74.84,75.25,74.64,75.19,685
2023-06-12,75.2,75.37,74.94,75,1005
2023-06-13,75.75,76.08,75.64,75.9,3581
2023-06-14,76.34,76.4,76.11,76.3,2894
2023-06-15,76.65,77,75.74,76.69,1314
2023-06-16,77.14,78.27,76.83,77.75,2071
2023-06-19,77.64,77.7,76.53,76.71,687
2023-06-20,76.58,76.72,76,76.27,429
2023-06-21,76.38,76.53,75.8,75.91,414
2023-06-22,75.86,76.17,75.66,76.17,197
2023-06-23,76.13,76.13,75.46,75.81,461
2023-06-26,75.54,76.03,75.35,75.84,539
2023-06-27,75.53,75.79,75.3,75.71,281
2023-06-28,76.2,76.27,75.89,76.2,584
2023-06-29,76.2,76.92,76.2,76.3,805
2023-06-30,76.5,77.53,76.41,77.2,982
2023-07-03,77.57,77.66,77.29,77.56,2018
2023-07-04,77.68,77.68,77.42,77.67,783
2023-07-05,77.45,77.55,77.02,77.35,2010
2023-07-06,77,77.21,76.26,76.51,1108
2023-07-07,76.73,77.01,76.48,76.95,816
2023-07-10,76.45,76.86,76.2,76.78,207
2023-07-11,76.79,77.13,76.78,76.78,1483
2023-07-12,77.48,78.24,77.29,78.24,871
2023-07-13,78.16,78.25,78,78.24,1193
2023-07-14,78.32,78.8,78.32,78.58,383
2023-07-17,78.37,78.5,78.05,78.5,790
2023-07-18,78.68,78.81,78.44,78.64,933
2023-07-19,79.34,79.55,79.09,79.5,917
2023-07-20,79.39,79.44,79.09,79.09,244
2023-07-21,79,79.39,78.83,79.06,522
2023-07-24,79.01,79.37,78.8,79.35,950
2023-07-25,79.18,79.5,79.14,79.5,911
2023-07-26,79.5,79.68,79.23,79.37,625
2023-07-27,79.86,80.18,79.61,80.04,1831
2023-07-28,79.34,79.77,79,79.68,674
2023-07-31,79.75,79.98,79.51,79.98,460
2023-08-01,79.98,79.98,79.5,79.71,935
2023-08-02,79.29,79.44,78.75,78.8,1201
2023-08-03,78.24,78.57,78.04,78.33,887
2023-08-04,78.67,78.82,78.61,78.82,188
2023-08-07,78.29,78.48,78,78.26,423
2023-08-08,78.26,78.38,77.69,77.69,305
2023-08-09,78.63,78.69,78.16,78.16,388
2023-08-10,78.24,78.82,78.16,78.82,831
2023-08-11,77.97,78,77.35,77.94,794
2023-08-14,77.81,78.11,77.78,78.04,410
2023-08-16,77.47,77.54,77.12,77.46,806
2023-08-17,76.94,77.11,76.68,76.8,1287
2023-08-18,76.18,76.27,75.6,76.06,1872
2023-08-21,76.02,76.55,76.02,76.35,867
2023-08-22,76.83,77.17,76.55,76.86,911
2023-08-23,76.86,76.99,76.37,76.99,46
2023-08-24,77.71,77.81,76.9,76.94,1012
2023-08-25,76.07,76.64,75.8,75.8,971
2023-08-28,76.93,77.35,76.68,77.35,77
2023-08-29,77.41,77.73,77.24,77.59,399
2023-08-30,78.17,78.7,78.17,78.7,557
2023-08-31,78.78,78.95,78.51,78.95,1414
2023-09-01,78.64,78.95,78.6,78.83,873
2023-09-04,78.78,78.86,78.67,78.67,517
2023-09-05,78.54,78.55,78.1,78.37,1768
2023-09-06,78.27,78.31,77.93,78.01,1468
2023-09-07,77.71,77.73,77.05,77.09,915
2023-09-08,77.54,77.97,77.18,77.89,340
2023-09-11,78.04,78.32,77.9,78.03,867
2023-09-12,77.9,78.18,77.9,78.11,690
2023-09-13,77.82,77.92,77.6,77.92,629
2023-09-14,78.7,78.99,77.89,78.07,1119
2023-09-15,78.68,78.68,78.02,78.02,853
2023-09-18,77.7,77.7,77.39,77.39,368
2023-09-19,77.5,77.82,77.05,77.05,550
2023-09-20,78,78,77.34,77.43,260
2023-09-21,76.65,76.65,75.89,75.98,1523
2023-09-22,75.62,75.8,75.35,75.8,1409
2023-09-25,75.48,75.56,74.91,75.26,1503
2023-09-26,75.05,75.3,74.72,74.95,596
2023-09-27,74.76,74.9,74.28,74.54,577
2023-09-28,74.28,74.67,74.19,74.67,484
2023-09-29,75.06,75.34,75.05,75.34,432
2023-10-02,75.1,75.17,74.45,74.45,929
2023-10-03,74.43,74.83,73.75,73.75,1580
2023-10-04,73.24,73.9,72.98,73.49,1125
2023-10-05,74.05,74.19,73.66,73.88,678
2023-10-06,74.03,74.7,73.32,74.07,757
2023-10-09,74.21,74.84,74.07,74.84,186
2023-10-10,75.27,76.09,75.27,76.09,898
2023-10-11,75.96,76.2,75.8,75.97,1766
2023-10-12,76.4,76.57,76,76.01,524
2023-10-13,75.83,75.98,75.38,75.79,1377
2023-10-16,75.62,76.21,75.2,76.21,1617
2023-10-17,76.04,76.09,75.34,75.62,1292
2023-10-18,75.93,75.94,75.65,75.65,178
2023-10-19,75,75.12,74.7,74.99,447
2023-10-20,74.2,74.47,73.56,73.56,808
2023-10-23,73.68,73.68,72.94,73.35,1547
2023-10-24,73.77,73.83,73.43,73.76,749
2023-10-25,73.66,73.7,73,73,6036
2023-10-26,72.36,72.77,72.1,72.68,2929
2023-10-27,72.33,72.48,71.97,72.02,12159
2023-10-30,71.85,72.48,71.85,71.92,4032
2023-10-31,72.35,72.76,72.14,72.64,3923
2023-11-02,73.72,75,73.72,74.82,2708
2023-11-03,75.23,76.02,75.2,75.64,2441
2023-11-06,75.99,76.07,75.76,75.8,1375
2023-11-07,75.85,76.26,75.61,76.26,1287
2023-11-08,76.1,76.37,75.94,76.32,780
2023-11-09,76.32,76.6,75.94,76.18,354
2023-11-10,75.91,75.97,75.45,75.86,930
2023-11-13,76.37,76.67,76.37,76.62,700
2023-11-14,76.62,78.43,76.62,78.43,5131
2023-11-15,78.28,78.72,78.28,78.7,1439
2023-11-16,78.2,78.48,78.2,78.3,750
2023-11-17,78.57,78.69,78.37,78.5,423
2023-11-20,78.57,78.9,78.25,78.9,2460
2023-11-21,79,79,78.6,78.6,742
2023-11-22,78.85,79.07,78.67,79.07,1334
2023-11-23,79.07,79.36,79.07,79.36,349
2023-11-24,79.13,79.4,79.13,79.29,139
2023-11-27,79.14,79.2,78.94,78.95,775
2023-11-28,78.86,79.2,78.78,79.2,1460
2023-11-29,79.2,79.7,79.09,79.23,981
2023-11-30,79.05,79.41,79,79.41,349
2023-12-01,79.43,79.49,79.18,79.46,648
2023-12-04,79.5,79.77,79.18,79.18,1348
2023-12-05,79.3,79.6,79.04,79.6,447
2023-12-06,79.7,79.75,79.58,79.58,352
2023-12-07,79.22,79.61,78.9,79.52,882
2023-12-08,79.62,80.11,79.18,80.02,846
2023-12-11,80.02,80.13,79.8,80.08,256
2023-12-12,80.52,80.66,80.24,80.28,624
2023-12-13,80.96,80.96,80.68,80.85,259
2023-12-14,82.86,83.25,82.81,83.13,1952
2023-12-15,82.44,82.47,81.83,81.98,1537
2023-12-18,82.27,82.4,81.95,82.34,1854
2023-12-19,82.44,82.82,82.23,82.69,1979
2023-12-20,82.97,83,82.56,83,2226
2023-12-21,82.18,82.43,81.94,82.35,406
2023-12-22,82.35,83.01,82.22,82.94,1513
2023-12-27,83.07,83.2,82.84,83.08,926
2023-12-28,83.4,83.4,82.89,82.89,781
2023-12-29,83.22,83.24,82.85,82.85,991
2024-01-02,82.99,83,82.1,82.13,2807
2024-01-03,82.13,82.21,81.72,81.73,535
2024-01-04,81.89,82.03,81.53,82.03,679
2024-01-05,81.46,81.93,81.06,81.93,653
2024-01-08,81.58,81.9,81.28,81.9,979
2024-01-09,82.64,82.64,82.21,82.52,463
2024-01-10,82.72,82.88,82.46,82.54,334
2024-01-11,83.08,83.4,82.6,82.77,417
2024-01-12,82.89,83.1,82.71,83.08,289
2024-01-15,83.13,83.13,82.71,83.03,1697
2024-01-16,82.62,83,82.5,83,562
2024-01-17,82.47,82.5,82,82.33,1723
2024-01-18,82.33,82.68,82.25,82.5,136
2024-01-19,83.02,83.54,83.02,83.3,560
2024-01-22,84.13,84.48,84.07,84.48,785
2024-01-23,84.43,84.43,84.11,84.12,2654
2024-01-24,84.68,85.15,84.68,84.8,633
2024-01-25,84.75,85.05,84.6,85.05,2218
2024-01-26,84.8,85.18,84.72,85.07,347
2024-01-29,85.09,85.09,84.94,85.05,635
2024-01-30,85.66,85.69,85.35,85.49,462
2024-01-31,85.44,85.5,84.88,85.12,439
2024-02-01,84.56,84.78,84.3,84.47,834
2024-02-02,85.5,85.94,85.41,85.83,1062
2024-02-05,86,86.11,85.5,85.5,696
2024-02-06,86.04,86.16,85.6,86.02,754
2024-02-07,86.2,86.89,85.96,86.89,480
2024-02-08,86.96,86.96,86.66,86.84,1195
2024-02-09,87,87.24,86.8,87.13,573
2024-02-12,87.47,87.58,87.2,87.58,979
2024-02-13,87.37,87.37,85.9,86.17,3144
2024-02-14,86.16,86.9,86.16,86.49,970
2024-02-15,87.2,87.29,86.9,87.03,381
2024-02-16,87.68,87.85,87.21,87.5,335
2024-02-19,87.24,87.29,87.03,87.14,229
2024-02-20,87.04,87.04,86.46,86.57,749
2024-02-21,86.6,86.6,86.16,86.41,814
2024-02-22,87.63,88.18,87.47,88.18,2018
2024-02-23,88.5,88.91,88.25,88.91,810
2024-02-26,88.46,88.74,88.17,88.57,2467
2024-02-27,88.33,88.4,88.05,88.23,700
2024-02-28,88.34,88.34,87.97,88.24,984
2024-02-29,88.19,88.71,87.82,88.56,769
2024-03-01,88.88,88.94,88.5,88.78,114
2024-03-04,89.13,89.44,89.13,89.42,839
2024-03-05,89.16,89.16,88.4,88.57,1176
2024-03-06,88.58,88.91,88.58,88.83,1338
2024-03-07,88.63,89.55,88.24,89.55,1103
2024-03-08,89.8,90.39,89.49,90.23,1398
2024-03-11,89.11,89.2,88.5,88.5,2510
2024-03-12,89.2,89.94,89.01,89.82,2505
2024-03-13,89.85,90.11,89.85,89.89,481
2024-03-14,89.89,90.12,89.2,89.62,179
2024-03-15,89.62,89.84,88.78,89.19,3336
2024-03-18,89.32,90.04,89.19,89.9,439
2024-03-19,89.54,89.65,89.17,89.42,1889
2024-03-20,89.8,90.24,89.74,89.94,660
2024-03-21,91.17,91.54,91.08,91.54,830
2024-03-22,91.26,91.39,91,91,945
2024-03-25,91.01,91.01,90.71,90.98,565
2024-03-26,91.05,91.25,90.79,91.07,1811
2024-03-27,90.89,91,90.64,90.79,508
2024-03-28,91.08,91.55,91.08,91.54,242
2024-04-02,91.21,91.25,90.21,90.21,1953
2024-04-03,90.35,90.94,90.29,90.92,1510
2024-04-04,91,91.38,90.81,91.33,504
2024-04-05,89.77,90.37,89.51,90.37,2065
2024-04-08,90.37,90.77,90.3,90.53,2610
2024-04-09,90.53,90.8,89.85,89.85,2629
2024-04-10,90.75,90.8,89.01,89.72,874
2024-04-11,89.72,90.02,89.2,89.63,408
2024-04-12,90.49,90.49,89.43,89.43,895
2024-04-15,89.43,89.91,89.2,89.2,884
2024-04-16,87.91,88.34,87.63,87.7,2505
2024-04-17,87.7,88.25,87.56,87.91,1207
2024-04-18,87.7,87.73,86.96,87.73,647
2024-04-19,86.68,87.19,86.39,86.7,1332
2024-04-22,86.8,86.88,86.32,86.49,845
2024-04-23,87.18,88,86.92,88,1066
2024-04-24,88.43,88.44,88.02,88.11,1368
2024-04-25,87.66,87.76,86.62,86.93,1807
2024-04-26,88.24,88.56,88.2,88.5,1777
2024-04-29,88.81,88.97,88.7,88.97,1732
2024-04-30,88.87,88.87,88.29,88.65,423
2024-05-02,87.64,87.83,87,87.48,1304
2024-05-06,88.94,89.6,88.92,89.59,2552
2024-05-07,90.04,90.05,89.69,90.04,1289
2024-05-08,90.16,90.2,89.53,90.1,719
2024-05-09,89.98,90.4,89.71,90.4,1062
2024-05-10,90.8,91,90.47,90.53,1084
2024-05-13,90.82,91,90.56,90.81,659
2024-05-14,90.69,90.87,90.32,90.8,604
2024-05-15,90.94,91.8,90.9,91.8,1536
2024-05-16,92.34,92.34,91.97,92.1,600
2024-05-17,92.03,92.05,91.69,92.05,735
2024-05-20,92.18,92.43,92,92.43,396
2024-05-21,92,92.25,91.95,92,524
2024-05-22,92.37,92.37,92.07,92.18,733
2024-05-23,92.46,92.84,92.03,92.18,1169
2024-05-24,91.49,91.86,91.23,91.86,402
2024-05-27,92,92.13,91.75,91.82,508
2024-05-28,92.01,92.38,91.85,92,1578
2024-05-29,91.57,91.83,91.18,91.69,2669
2024-05-31,90.78,91.27,90.48,90.55,951
2024-06-03,91.83,91.96,91.55,91.55,519
2024-06-04,91.61,91.7,91.13,91.7,789
2024-06-05,91.76,92.27,91.76,92.19,463
2024-06-06,92.78,93.04,92.73,93,212
2024-06-07,93,93.07,92.5,92.85,943
2024-06-10,92.78,92.85,92.43,92.85,763
2024-06-11,93.13,93.14,92.55,92.63,1573
2024-06-12,93.21,94.56,93.2,94.56,1604
2024-06-13,94.45,94.5,94.04,94.11,850
2024-06-14,94.16,94.42,93.72,94,1319
2024-06-17,94.47,94.5,94.17,94.46,499
2024-06-18,95,95.3,95,95.3,1910
2024-06-19,95.26,95.5,95.24,95.3,521
2024-06-20,95.73,95.83,95.3,95.54,657
2024-06-21,95.17,95.17,94.72,94.95,1140
2024-06-24,95.03,95.3,94.68,95.02,1117
2024-06-25,94.76,94.91,94.48,94.9,1496
2024-06-26,95.16,95.31,94.61,94.92,2371
2024-06-27,94.92,95.33,94.78,95.05,403
2024-06-28,95.49,95.7,95.3,95.7,1261
2024-07-01,95.17,95.17,94.55,94.72,700
2024-07-02,94.81,94.95,94.36,94.83,361
2024-07-03,95.52,95.84,95.39,95.81,594
2024-07-04,96.14,96.23,95.87,96.06,886
2024-07-05,96.26,96.26,96.06,96.23,417
2024-07-08,96.3,96.95,96.29,96.8,10727
2024-07-09,96.95,97.1,96.73,96.8,1630
2024-07-10,96.97,97.26,96.73,97.26,965
2024-07-11,97.61,98,97.33,97.38,1206
2024-07-12,97.15,97.81,96.9,97.81,1830
2024-07-15,97.8,98.19,97.58,98.09,10720
2024-07-16,97.91,98.27,97.52,98.2,1078
2024-07-17,97.96,97.98,97.22,97.22,2905
2024-07-18,97.27,97.53,97,97,1051
2024-07-19,96.29,96.52,95.89,96,1163
2024-07-22,95.91,96.35,95.65,96.16,886
2024-07-23,96.49,96.75,96.34,96.72,139
2024-07-24,95.86,95.92,94.78,94.79,1010
2024-07-25,94.38,94.39,93.71,94.28,2622
2024-07-26,94.24,94.64,94.13,94.57,1519
2024-07-29,95.29,95.39,94.75,94.75,663
2024-07-30,94.76,95.2,94.76,95.16,907
2024-07-31,95,96.04,95,95.97,514
2024-08-01,96.31,96.67,95.26,95.26,2474
2024-08-02,93.63,93.76,92.14,92.18,4757
2024-08-05,90.2,90.98,88.3,90.03,11893
2024-08-06,91,91.45,90.21,91.45,1664
2024-08-07,91.45,92.51,91.05,92.34,2785
2024-08-08,90.22,91.77,89.67,91.67,2288
2024-08-09,92.1,92.81,91.95,92.1,1354
2024-08-12,92.76,93.01,92.53,93.01,5394
2024-08-13,92.9,93.74,92.85,93.5,5664
2024-08-14,94.42,94.56,94.16,94.16,541
2024-08-16,96.24,96.5,95.83,96,5057
2024-08-19,96.36,96.67,96.09,96.65,5748
2024-08-20,97.19,97.5,97,97.14,6126
2024-08-21,97.25,97.43,96.95,97.22,657
2024-08-22,97.3,97.82,97.3,97.56,407
2024-08-23,97.07,97.64,96.78,97.23,313
2024-08-26,97.74,98,97.16,97.16,755
2024-08-27,97.28,97.64,97.14,97.38,637
2024-08-28,97.7,97.77,97.07,97.07,854
2024-08-29,97.02,97.43,96.9,97.32,2364
2024-08-30,97.28,97.5,97.17,97.3,1000
2024-09-02,97.78,97.95,97.57,97.75,1025
2024-09-03,97.75,97.99,96.4,96.4,1209
2024-09-04,95.44,96.21,95.18,96.21,3870
2024-09-05,95.63,96.24,95.44,95.48,791
2024-09-06,95.16,95.55,94.24,94.24,1062
2024-09-09,94.28,94.6,94.26,94.35,511
2024-09-10,94.7,95.26,94.65,94.96,513
2024-09-11,95.1,95.4,93.59,93.59,816
2024-09-12,96.51,96.6,96.13,96.37,1088
2024-09-13,97,97.49,96.92,97.49,765
2024-09-16,97.52,97.72,97.26,97.43,1115
2024-09-17,97.53,98.08,97.53,98,653
2024-09-18,97.9,97.9,97.54,97.75,1327
2024-09-19,98.5,99.1,98.42,98.88,1649
2024-09-20,98.68,98.95,98.48,98.48,1016
2024-09-23,98.83,99,98.83,99,337
2024-09-24,99,99.33,98.66,98.84,1187
2024-09-25,99.11,99.39,98.88,99.27,227
2024-09-26,99.63,99.97,99.58,99.58,1102
2024-09-27,99.5,99.84,99.27,99.77,841
2024-09-30,99.32,99.46,98.89,99.39,901
2024-10-01,99.7,99.78,98.4,98.56,797
2024-10-02,98.47,98.83,98.4,98.65,1776
2024-10-03,98.64,99.06,98.31,98.56,2243
2024-10-04,98.56,99.69,98.56,98.99,2624
2024-10-07,99.3,99.58,99,99.43,2554
2024-10-08,98.69,99.37,98.61,99.37,699
2024-10-09,99.48,99.93,99.37,99.85,1275
2024-10-10,100.14,100.38,100,100.18,2118
2024-10-11,100.2,100.84,99.88,100.46,3009
2024-10-14,100.78,101.54,100.54,101.34,2237
2024-10-15,101.64,101.68,101.34,101.34,1927
2024-10-16,100.68,104.98,100.56,100.86,2039
2024-10-17,101.42,102,101.3,101.44,2087
2024-10-18,101.4,101.6,101.18,101.44,1467
2024-10-21,101.62,101.68,101.18,101.44,2201
2024-10-22,101.32,101.36,100.96,101.04,716
2024-10-23,101.42,101.46,100.96,101.16,2063
2024-10-24,100.86,101.08,100.66,100.78,885
2024-10-25,100.84,101.66,100.6,101.26,894
2024-10-28,101.24,101.36,100.98,100.98,1666
2024-10-29,101.02,101.16,100.52,101.14,791
2024-10-30,101.44,101.44,100.8,101.22,4627
2024-10-31,100,100.24,99.04,99.24,1872
2024-11-04,99.35,99.5,98.9,99.37,1934
2024-11-05,99.07,99.8,98.95,99.76,1650
2024-11-06,102.02,102.6,101.7,101.88,6921
2024-11-07,102.82,103.42,102.58,103.42,4275
2024-11-08,103.6,103.82,103.16,103.64,2579
2024-11-12,103.96,104.14,103.54,103.78,4252
2024-11-13,103.5,104.02,103.28,103.42,2940
2024-11-14,103.84,104,103.5,103.54,10799
2024-11-15,102.62,102.76,101.72,101.9,2168
2024-11-18,101.92,102.2,101.5,102.2,2322
2024-11-19,102.38,102.38,101.08,101.82,3490
2024-11-20,102.5,102.82,101.5,101.88,3127
2024-11-21,102.26,102.98,101.86,102.02,1700
2024-11-22,103.06,103.32,102.42,103.26,1653
2024-11-25,103.88,104.16,103.62,103.7,1447
2024-11-26,103.68,104.06,103.52,103.9,1609
2024-11-27,104.24,104.34,103.76,103.86,2198
2024-11-28,103.82,104.24,103.82,104.24,462
2024-11-29,104.28,104.44,103.88,104.42,2136
2024-12-02,104.42,104.74,104.2,104.38,2280
2024-12-03,104.84,104.88,104.6,104.6,2805
2024-12-04,104.76,105.26,104.76,105.26,3254
2024-12-05,105.4,105.58,105.16,105.38,1394
2024-12-06,105.24,105.6,105.02,105.6,2846
2024-12-09,105.52,105.54,104.8,104.8,2075
2024-12-10,104.82,105.02,104.54,104.94,1998
2024-12-11,104.66,105.38,104.46,105.32,3137
2024-12-12,105.3,105.3,105.02,105.14,1578
2024-12-13,105.08,105.32,104.5,104.66,1301
2024-12-16,104.66,105.2,104.66,105.2,3281
2024-12-17,104.92,105.1,104.5,104.74,1668
2024-12-18,105.08,105.22,104.52,105.2,2445
2024-12-19,102.02,102.64,101.8,102,4801
2024-12-20,101.26,102.28,100.2,102.28,7345
2024-12-23,103.04,103.12,101.96,102.4,2883
2024-12-27,103.96,104.06,102.96,102.96,3515
2024-12-30,102.88,105.16,101.2,101.42,4041
2025-01-02,102.28,102.68,101.5,101.64,4415
2025-01-03,101.62,103,101.4,102.14,3739
2025-01-07,103.1,103.46,102.14,102.6,4376
2025-01-08,102.16,102.34,101.62,101.8,4783
2025-01-09,101.74,102.14,101.56,101.94,2440
2025-01-10,101.9,102.14,100.22,100.9,7398
2025-01-13,100.48,100.52,99.6,100.14,2955
2025-01-14,101.18,101.42,100.66,100.72,2947
2025-01-15,100.88,102.7,100.66,102.36,2075
2025-01-16,103.18,103.2,102.48,102.84,2490
2025-01-17,102.66,103.46,102.42,103.38,2063
2025-01-20,103.6,104.12,103.14,103.88,2166
2025-01-21,103.88,104.04,103.6,104.02,2945
2025-01-22,104.74,105.12,104.5,105.12,3678
2025-01-23,104.84,105,104.54,104.86,2411
2025-01-24,105.22,105.62,105.16,105.46,1739
2025-01-27,103.82,103.82,102.1,103.2,4828
2025-01-28,103.9,104.3,103.44,104.22,2347
2025-01-29,104.8,104.8,104.22,104.36,4230
2025-01-30,104.66,104.88,104.04,104.04,1244
2025-01-31,105.1,105.44,104.84,105.18,1856
2025-02-03,102.24,103.62,102.18,103.62,5601
2025-02-04,103.32,103.98,103,103.98,3212
2025-02-05,103.46,104.8,103.28,104,1519
2025-02-06,104.74,104.92,104.4,104.5,815
2025-02-07,104.88,105.2,104.24,104.24,4244
2025-02-10,104.26,104.7,104.12,104.46,2116
2025-02-11,104.26,104.46,104.02,104.38,2622
2025-02-12,104.72,105.5,101.98,104.16,5411
2025-02-13,104.48,104.9,103.98,104.82,1531
2025-02-14,105.5,105.64,105.04,105.52,2470
2025-02-17,105.58,105.66,105.34,105.5,1434
2025-02-18,105.58,105.9,105.18,105.48,1554
2025-02-19,105.82,105.84,105.22,105.56,2158
2025-02-20,105.7,105.86,105,105,1176
2025-02-21,105.48,105.66,104.8,104.86,1725
2025-02-24,104.16,104.38,102.96,103.36,4096
2025-02-25,103.14,103.4,102,102.34,2064
2025-02-26,103.18,103.68,102.86,103.68,1623
2025-02-27,103.18,103.54,102.18,102.9,771
2025-02-28,101.38,101.72,100.96,101.62,4645
2025-03-03,102.92,103.3,102.28,102.54,2816
2025-03-04,100.96,101.22,98.94,99.42,5528
2025-03-05,100.32,100.68,99.6,99.6,3146
2025-03-06,100.44,100.46,99.17,100.14,4751
2025-03-07,99.35,99.58,98.18,98.67,4302
2025-03-10,98.93,98.93,97.42,97.59,3010
2025-03-11,97.06,97.36,95.64,96.27,5181
2025-03-12,96.45,98.9,95.76,96.54,4483
2025-03-13,96.09,96.75,95.51,95.52,6547
2025-03-14,95.58,97.13,95.58,97.08,6261
2025-03-17,96.7,97.82,96.66,97.4,5181
2025-03-18,97.78,98.04,96.52,96.82,3914
2025-03-19,96.95,97.76,96.82,97.76,2484
2025-03-20,98.26,98.69,97.23,98.42,7384
2025-03-21,97.76,97.76,96.85,97.2,1907
2025-03-24,98.86,99.65,98.65,99.56,3799
2025-03-25,99.59,100.1,99.3,99.83,4630
2025-03-26,99.86,99.99,99.1,99.1,3558
2025-03-27,98.67,99.12,98.14,98.66,3938
2025-03-28,98,98.43,96.69,96.71,5539
2025-03-31,95.74,95.9,94.94,95.59,5083
2025-04-01,96.83,97.14,96.03,96.86,2177
2025-04-02,96.98,97.45,96.3,97.45,3976
2025-04-03,94.81,95.35,93.8,93.8,12024
2025-04-04,92.88,92.95,88.6,90,10227
2025-04-07,83.3,88,83.07,87.96,18997
2025-04-08,88.21,91.14,88.21,90.13,15041
2025-04-09,86.26,86.93,84,85.46,14921
2025-04-10,93.59,93.59,90.85,90.85,13840
2025-04-11,90.85,95,89.72,90.63,6211
2025-04-14,93.45,94.06,92.65,93.73,12352
2025-04-15,93.33,93.75,92.7,93.5,2805
2025-04-16,91.79,92.55,91.18,91.7,2348
2025-04-17,91.2,91.84,90.72,90.96,1562
2025-04-22,89.35,90.69,89.03,90.69,2800
2025-04-23,92.54,94.2,91.95,93.66,3432
2025-04-24,92.28,93.81,91.43,93.71,2385
2025-04-25,95,95.05,93.75,94.34,2798
2025-04-28,94.93,95.16,94.36,94.8,2224
2025-04-29,95.16,95.48,94.5,95.31,1397
2025-04-30,95.49,95.62,93.06,94,2487
2025-05-02,96.97,97.7,96.3,97.4,2647
2025-05-05,97.26,97.4,96.6,97.4,6847
2025-05-06,97.09,97.09,95.9,96.92,1157
2025-05-07,96.99,97.2,96.36,96.99,2061
2025-05-08,97.15,98,97,97.19,2712
2025-05-09,97.59,97.99,97.19,97.29,2258
2025-05-12,99.28,100.6,99.2,99.59,5875
2025-05-13,99.92,101.28,99.87,100.98,2700
2025-05-14,100.46,101.78,100.46,101.54,7493
2025-05-15,101.24,101.42,100.48,100.92,2248
2025-05-16,101.6,102.36,101.44,101.9,2166
2025-05-19,101.54,102.5,100.9,102.38,4548
2025-05-20,102.06,102.68,102.06,102.2,1883
2025-05-21,101.88,102,101.2,101.82,2454
2025-05-22,100.98,100.98,100,100.68,2880
2025-05-23,100.68,100.9,98.66,99.69,3554
2025-05-26,101.14,101.28,100.72,100.98,1477
2025-05-27,101.18,101.5,100.98,101.5,1119
2025-05-28,102.12,102.2,101.46,101.84,1959
2025-05-29,102.58,103.04,101.26,101.9,2178
2025-05-30,101.64,102,101.12,101.62,1332
2025-06-02,101.42,101.68,100.54,101.58,1965
2025-06-03,101.92,102.4,101.58,102.4,840
2025-06-04,102.7,103.14,102.46,103,2591
2025-06-05,102.84,103.16,102.26,103.06,1717
2025-06-06,102.78,103.48,102.3,103.48,1000
2025-06-09,103,103.62,102.88,103.5,4444
2025-06-10,103.48,103.76,103,103.76,2760
2025-06-11,103.84,104.54,103.52,104,1804
2025-06-12,103.68,104.14,102.96,104.14,591
2025-06-13,102.8,103.4,102.34,103.24,4090
2025-06-16,103.52,104.28,103.08,104,1729
2025-06-17,103.56,103.84,103.02,103.82,779
2025-06-18,103,103.5,102.86,103.5,2239
2025-06-20,102.82,103.62,102.46,102.76,1139
2025-06-23,102.44,103.4,102.44,103,1010
2025-06-24,104.52,104.92,104.22,104.62,1022
2025-06-25,105,105.18,104.72,105.18,1330
2025-06-26,105.18,105.54,105,105.54,1516
2025-06-27,105.86,106.48,105.82,106.06,1819
2025-06-30,106.88,106.98,106.24,106.24,8276
2025-07-01,106.92,106.92,106.36,106.74,2023
2025-07-02,107,107.3,106.36,107.16,1777
2025-07-03,107.56,108,107,108,1438
2025-07-04,107.92,107.92,107.24,107.48,1641
2025-07-07,107.82,108.16,107.4,107.86,2302
2025-07-08,107.56,107.66,107.06,107.46,1089
2025-07-09,107.42,107.9,107,107.82,1131
2025-07-10,107.82,108.16,107.4,107.86,1380
2025-07-11,107.66,108.02,107.2,108,913
2025-07-14,107.4,107.92,107.12,107.62,2697
2025-07-15,108.16,108.76,107.98,108.1,3564
2025-07-16,107.48,108.04,107,107.78,3293
2025-07-17,108.2,108.48,107.7,108.36,3942
2025-07-18,109.04,109.04,108.42,108.68,951
2025-07-21,108.94,109.34,108.46,109,3124
2025-07-22,108.88,108.96,108.24,108.34,1457
2025-07-23,109.1,109.4,108.8,109.16,938
2025-07-24,109.78,110,109.38,110,3643
2025-07-25,109.98,110.08,109.54,110.08,670
2025-07-28,110.76,110.76,110.08,110.42,2478
2025-07-29,110.5,112,110.18,110.36,1496
2025-07-30,110.28,110.36,109.84,110.36,1615
2025-07-31,111.02,111.26,110.36,110.52,1270
2025-08-01,109.22,109.24,107.06,107.8,8924
2025-08-04,108,109.16,107.96,109.06,1749
2025-08-05,109.74,109.76,108.6,108.76,2772
2025-08-06,109.36,109.46,108.74,109.38,1780
2025-08-07,109.54,110.64,109.5,109.5,4262
2025-08-08,109.82,110.44,109.6,110.4,2155
2025-08-11,110.74,110.76,110.08,110.4,3220
2025-08-12,110.36,111.6,109.86,110.5,2007
2025-08-13,111.56,111.96,111.22,111.4,852
2025-08-14,111.7,111.84,111.12,111.8,2555
2025-08-18,111.5,111.62,111.06,111.5,3053
2025-08-19,111.38,111.62,111.06,111.06,2319
2025-08-20,110.66,111.12,109.52,109.86,2180
2025-08-21,110.62,110.64,110,110.4,1087
2025-08-22,110.1,111.8,109.82,111.6,1301
2025-08-25,111.7,111.7,111.26,111.42,1990
2025-08-26,111.22,111.44,110.76,111.44,2442
2025-08-27,111.64,111.82,111.5,111.72,1267
2025-08-28,112.02,112.3,111.74,111.92,1732
2025-08-29,112.44,112.44,111.36,111.6,1836
2025-09-01,111.82,111.98,111.6,111.88,1397
2025-09-02,111.74,111.74,110,110.48,3264
2025-09-03,111.2,111.66,111,111.44,1187
2025-09-04,111.66,111.92,111.34,111.92,1500
2025-09-05,112.5,112.96,111.68,111.92,3406
2025-09-08,112.34,112.42,112.02,112.42,1563
2025-09-09,112.62,112.64,112.18,112.24,1553
2025-09-10,113.04,113.42,112.6,113.26,2399
2025-09-11,113.18,113.82,112.86,113.8,2856
2025-09-12,113.8,113.98,113.6,113.96,2997
2025-09-15,114.06,114.36,113.64,114.36,2146
2025-09-16,114.58,114.76,114,114.24,1869
2025-09-17,114.32,114.38,113.88,113.9,2316
2025-09-18,114.72,115.2,114.34,114.86,1878
2025-09-19,114.26,115.02,114.24,114.88,1509
2025-09-22,114.88,115.12,114.56,115.1,2628
2025-09-23,115.8,115.86,115.42,115.74,1253
2025-09-24,115.32,115.38,115,115.16,3701
2025-09-25,114.78,114.92,113.54,114.44,5254
2025-09-26,114.44,115,114.18,114.34,1992
2025-09-29,115.36,115.64,115.06,115.48,1925
2025-09-30,115.14,115.22,114.72,115.22,1727
2025-10-01,114.88,115.7,114.7,115.7,1555
2025-10-02,115.92,116.72,115.84,115.98,4112
2025-10-03,116.54,116.7,116.04,116.7,2530
2025-10-06,116.72,116.72,116.14,116.42,4441
2025-10-07,116.5,116.9,116.26,116.56,2952
2025-10-08,116.28,116.5,116.06,116.5,1985
2025-10-09,116.94,116.96,116.12,116.48,3823
2025-10-10,116.66,116.98,115.94,115.94,2111
2025-10-13,114.62,115.9,114.18,114.68,8478
2025-10-14,114.22,114.6,113.38,114.6,6455
2025-10-15,115.2,116.36,115.2,116.2,2402
2025-10-16,115.82,116.06,115.5,116,1764
2025-10-17,113.66,114.98,112.78,114.5,3660
2025-10-20,115.78,116.36,115.36,116.1,1877
2025-10-21,116.46,116.62,116.14,116.3,2351
2025-10-22,116.72,116.78,116,116.42,1483
2025-10-23,116.22,116.42,115.74,116.4,2399
2025-10-24,116.7,117.66,116.54,117.48,4142
2025-10-27,118.5,118.68,118.16,118.68,5948
2025-10-28,118.94,119.28,118.62,118.62,5182
2025-10-29,119.64,119.64,119.1,119.44,2168
2025-10-30,119.24,119.32,118.12,118.64,3622
2025-10-31,118.94,119.18,118.26,118.62,3127
2025-11-03,118.52,119.04,117.84,118.48,2620
2025-11-04,117.44,117.98,116.7,117.98,5891
2025-11-05,116.98,117.76,116.6,117.72,1871
2025-11-06,117.34,117.98,116.42,116.5,3283
2025-11-07,116.7,116.72,115.16,115.24,9363
2025-11-10,117,117.84,116.98,117.34,5923
2025-11-12,118.9,119.06,118.2,118.48,6311
2025-11-13,118.8,118.82,117.36,117.36,8032
2025-11-14,116.36,119,115.16,116.66,11100
2025-11-17,117.04,117.38,116.02,116.32,4014
2025-11-18,115.08,115.38,113.76,113.92,6699
2025-11-19,114.38,115.8,114.3,115.38,2071
2025-11-20,116.38,117.2,115.94,116.64,3601
2025-11-21,112.96,115.22,112.36,113.2,13395
2025-11-24,114.76,115.44,114.06,115.08,5681
2025-11-25,116,116.16,115.12,116.14,9200
2025-11-26,117.22,117.64,116.92,117.62,3386
2025-11-27,117.62,117.96,117.52,117.88,1345
2025-11-28,118.02,118.28,117.56,118.28,1102
2025-12-01,117.64,118.18,117.4,118.18,3809
2025-12-02,117.76,118.44,117.44,118.08,2484
2025-12-03,118.4,118.52,117.58,118.36,4097
2025-12-04,118.58,118.68,118.3,118.44,1920
2025-12-05,118.92,119.26,118.44,119.02,4284
2025-12-08,119.06,119.1,118.24,118.66,4597
2025-12-09,118.68,118.7,118.18,118.54,2108
2025-12-10,118.5,118.6,117.94,118.2,2654
2025-12-11,118.18,119,117.98,118.82,4229
2025-12-12,119.44,119.8,118.14,118.14,4724
2025-12-15,118.36,118.94,117.58,117.96,5013
2025-12-16,117.38,118.12,117,117,8178
2025-12-17,117.54,118.04,116.82,116.82,4119
2025-12-18,116.58,117.9,116.3,117.82,2968
2025-12-19,117.46,118.16,116.94,118.02,2275
2025-12-22,118.66,119,118.32,118.7,21625
2025-12-23,118.96,119.32,118.64,119.32,2856
2025-12-29,119.76,119.76,119,119.34,9846
2025-12-30,119.38,119.58,119.14,119.3,7191
2026-01-02,119.16,119.38,118.26,118.26,11204
2026-01-05,118.76,119.54,118.64,119.48,4413
2026-01-07,120.08,120.32,119.68,119.98,10416
2026-01-08,119.56,119.72,119.18,119.64,3819
2026-01-09,119.8,120.44,119.42,120.26,6966
2026-01-12,120,120.66,119.38,120.66,5862
2026-01-13,120.78,121.18,120.24,120.66,14616
2026-01-14,120.52,120.54,119.46,119.56,5215
2026-01-15,120.22,121,120,120.74,5238
2026-01-16,120.86,120.86,120.02,120.28,3691
2026-01-19,119.26,119.48,118.6,119.1,4621
2026-01-20,118.72,119.18,117.96,119.06,4148
2026-01-21,118.32,119.9,117.54,118.94,5493
2026-01-22,119.8,120.6,119.52,120.02,4381
2026-01-23,120.14,120.5,119.5,120.5,5058
2026-01-26,120.08,120.86,119.54,120.48,2862
2026-01-27,121,121.2,120.62,121.2,4109
2026-01-28,121.64,121.64,121,121,1716
2026-01-29,121.38,121.4,119.34,119.34,4911
2026-01-30,119.84,120.78,119.34,120.68,3443
2026-02-02,119.24,121.06,119,121,5802
2026-02-03,121.72,121.74,120.18,120.68,6500
2026-02-04,120.4,120.56,119.66,120,4761
2026-02-05,119.64,119.76,117.48,117.86,12744
2026-02-06,117.72,119.56,117.46,119.3,5508
2026-02-09,120.46,120.92,119.54,120.92,2414
2026-02-10,120.84,121.18,120.5,121.06,3173
2026-02-11,120.7,121.22,119.68,120.54,4127
2026-02-12,120.86,120.94,119.84,119.84,6470
2026-02-13,118.52,119.14,117.98,118.94,6358
2026-02-16,118.72,119.26,118.28,118.64,3443
2026-02-17,118.52,118.86,117.54,118.02,2898
2026-02-18,119.32,119.98,119,119.96,2179
2026-02-19,119.44,119.86,118.78,119.48,3663
2026-02-20,119.6,119.96,118.6,119.96,2077
2026-02-23,119.5,119.96,118.86,118.86,3209
2026-02-24,119.02,119.56,118.5,119.48,4249
2026-02-25,119.92,120.5,119.58,120.46,2742
2026-02-26,120.38,120.98,119.22,119.88,2473
2026-02-27,119.98,120.02,118.86,119.3,2265
2026-03-02,117.84,119.32,117.36,119.24,6656
2026-03-03,118.38,118.42,116.44,116.82,4902
2026-03-04,117.9,119.84,117.84,119.84,3858
2026-03-05,119.12,119.76,118.28,118.58,2221
2026-03-06,118.92,118.98,116.52,117.44,2379
2026-03-09,115.42,116.62,115.02,116.56,11970
2026-03-10,118.44,118.68,117.1,118.42,8405
2026-03-11,117.88,118.24,117.3,117.36,1570
2026-03-12,117.36,117.42,116.02,116.52,2067
2026-03-13,116.4,117.24,115.34,115.64,1642
2026-03-16,115.64,116.7,115.28,116.26,2000
2026-03-17,115.96,117.28,115.6,116.72,2791
2026-03-18,117.4,117.48,115.8,115.96,3201
2026-03-19,114.8,115.2,114,114.36,5241
2026-03-20,115.02,115.1,113.46,113.76,2161
2026-03-23,112.32,115.94,111.68,114.48,16624
2026-03-24,114.6,114.62,113.32,114.2,1800
2026-03-25,114.9,115.22,114.1,114.42,3441
2026-03-26,114.08,114.1,113.22,113.54,5249
2026-03-27,112.7,112.7,111,111.36,3711
2026-03-30,110.54,111.24,110.1,110.6,5238
2026-03-31,110.68,111.72,110.46,111.18,6700
2026-04-01,113.84,114.14,113.1,114.14,8308
2026-04-02,112.3,114.18,111.9,113.74,3819
2026-04-07,114.1,114.78,113.06,113.4,8703
2026-04-08,117.42,117.82,116.7,116.72,19351
2026-04-09,117.2,117.38,116.64,117.32,3147
2026-04-10,118.04,118.4,117.62,118.32,3866
2026-04-13,117.32,118,116.96,117.86,3700
2026-04-14,119.28,120,119,120,6946
2026-04-15,120.22,121,120.16,120.66,9438
2026-04-16,121.38,121.74,121,121.42,5743
2026-04-17,121.8,123.3,121.56,123.3,8151
2026-04-20,122.64,123.14,122.04,122.7,8748
2026-04-21,123.2,123.64,122.72,122.72,3274
2026-04-22,122.98,123.32,122.56,123,3623
2026-04-23,123,123.46,122.4,123.24,5704
2026-04-24,123.18,123.76,122.72,123.08,11671
2026-04-27,123.76,123.92,123.36,123.46,3349
2026-04-28,123.82,123.94,122.8,123,9405
2026-04-29,123.62,123.7,123,123.34,2602
2026-04-30,123.18,124.08,123,123.92,2917
2026-05-04,125,125.26,124,125.18,6063
2026-05-05,124.86,125.44,124.52,125.38,2588
2026-05-06,125.84,126.92,125.48,126.92,6914
2026-05-07,127.3,127.5,126.88,127.4,3656
2026-05-08,127.12,127.6,126.74,127.38,2193
2026-05-11,127.62,128.16,127.38,128.16,13413
2026-05-12,127.54,127.56,126.88,126.98,4469
2026-05-13,127.66,128.26,127.02,127.68,1947
2026-05-14,128.86,129.38,128.42,129.38,3781
2026-05-15,128.74,128.8,127.58,128.22,2980
2026-05-18,127.36,128.3,126.82,127.36,4163
2026-05-19,127.6,127.9,126.4,126.7,4237
2026-05-20,126.9,127.74,126.9,127.74,1380
2026-05-21,128.1,128.5,127.56,127.6,1887
2026-05-22,128.68,129.42,128.52,128.96,3883
2026-05-25,130.3,130.44,129.94,130.4,4674
2026-05-26,129.9,130.3,129.44,129.92,5224
2026-05-27,130.1,130.54,129.54,130.02,5156
2026-05-28,129.92,130.44,129.42,130.42,5724
2026-05-29,130.86,131.16,130.48,130.84,2457
2026-06-01,131.36,131.5,130.6,130.92,5783
2026-06-02,131.22,131.6,130.74,131.6,4933
2026-06-03,131.5,131.58,130.56,131.02,4391
2026-06-05,130.06,130.76,129.54,129.82,3476
2026-06-08,127.82,129.04,127.48,129.04,8970
2026-06-09,128.52,129.24,127.2,127.84,4145
2026-06-10,127.2,127.8,125.96,127.26,14587
2026-06-11,126.44,126.74,125.52,125.52,4650
2026-06-12,127.66,128.7,127.2,128.7,7019
2026-06-15,130.18,130.66,129.8,130.66,6639
